player_id,name,slug,rank,prev_rank,points,prev_points,country,tournaments_played,best_rank,gender,date_extracted
206570,Jannik Sinner,sinner-jannik,1,1,9730,9930,ITA,19,1,M,2025-05-06T12:10:59+00:00
57163,Alexander Zverev,zverev-alexander,2,2,8085,8085,DEU,25,2,M,2025-05-06T12:10:59+00:00
275923,Carlos Alcaraz,alcaraz-carlos,3,3,7850,8050,ESP,17,1,M,2025-05-06T12:10:59+00:00
136042,Taylor Fritz,fritz-taylor,4,4,4815,5115,USA,25,4,M,2025-05-06T12:10:59+00:00
258749,Jack Draper,draper-jack,5,6,4440,3820,GBR,21,6,M,2025-05-06T12:10:59+00:00
14882,Novak Djokovic,djokovic-novak,6,5,4130,4120,SRB,18,1,M,2025-05-06T12:10:59+00:00
119248,Casper Ruud,ruud-casper,7,15,3715,2815,NOR,24,2,M,2025-05-06T12:10:59+00:00
201239,Alex de Minaur,de-minaur-alex,8,7,3635,3585,AUS,25,6,M,2025-05-06T12:10:59+00:00
261015,Lorenzo Musetti,musetti-lorenzo,9,11,3550,3200,ITA,31,11,M,2025-05-06T12:10:59+00:00
283070,Holger Rune,rune-holger,10,9,3440,3480,DNK,23,4,M,2025-05-06T12:10:59+00:00
163504,Daniil Medvedev,medvedev-daniil,11,10,3290,3290,RUS,19,1,M,2025-05-06T12:10:59+00:00
138546,Tommy Paul,paul-tommy,12,12,3210,3160,USA,24,9,M,2025-05-06T12:10:59+00:00
385485,Ben Shelton,shelton-ben,13,13,3020,3020,USA,24,12,M,2025-05-06T12:10:59+00:00
338500,Arthur Fils,fils-arthur,14,14,2920,2920,FRA,27,14,M,2025-05-06T12:10:59+00:00
23581,Grigor Dimitrov,dimitrov-grigor,15,16,2685,2595,BGR,21,3,M,2025-05-06T12:10:59+00:00
101101,Frances Tiafoe,tiafoe-frances,16,17,2640,2550,USA,24,10,M,2025-05-06T12:10:59+00:00
106755,Andrey Rublev,rublev-andrey,17,8,2580,3530,RUS,24,5,M,2025-05-06T12:10:59+00:00
221012,Francisco Cerundolo,cerundolo-francisco,18,21,2425,2225,ARG,27,19,M,2025-05-06T12:10:59+00:00
122366,Stefanos Tsitsipas,tsitsipas-stefanos,19,18,2420,2415,GRC,25,3,M,2025-05-06T12:10:59+00:00
238300,Tomas Machac,machac-tomas,20,20,2215,2235,CZE,24,20,M,2025-05-06T12:10:59+00:00
372312,Jakub Mensik,mensik-jakub,21,23,2182,2032,CZE,23,23,M,2025-05-06T12:10:59+00:00
185388,Ugo Humbert,humbert-ugo,22,22,2145,2185,FRA,28,13,M,2025-05-06T12:10:59+00:00
195840,Sebastian Korda,korda-sebastian,23,24,2020,2020,USA,25,15,M,2025-05-06T12:10:59+00:00
90080,Karen Khachanov,khachanov-karen,24,25,1910,1960,RUS,22,8,M,2025-05-06T12:10:59+00:00
128552,Alexei Popyrin,popyrin-alexei,25,26,1860,1860,AUS,22,23,M,2025-05-06T12:10:59+00:00
157456,Alejandro Davidovich Fokina,davidovich-fokina-alejandro,26,29,1745,1745,ESP,24,21,M,2025-05-06T12:10:59+00:00
192013,Felix Auger-Aliassime,auger-aliassime-felix,27,19,1735,2375,CAN,23,6,M,2025-05-06T12:10:59+00:00
117916,Denis Shapovalov,shapovalov-denis,28,30,1726,1726,CAN,23,10,M,2025-05-06T12:10:59+00:00
235576,Brandon Nakashima,nakashima-brandon,29,32,1675,1605,USA,30,31,M,2025-05-06T12:10:59+00:00
112783,Matteo Berrettini,berrettini-matteo,30,31,1670,1620,ITA,16,6,M,2025-05-06T12:10:59+00:00
158896,Hubert Hurkacz,hurkacz-hubert,31,28,1665,1755,POL,24,6,M,2025-05-06T12:10:59+00:00
406728,Alex Michelsen,michelsen-alex,32,38,1570,1445,USA,31,32,M,2025-05-06T12:10:59+00:00
221806,Sebastian Baez,baez-sebastian,33,33,1540,1580,ARG,28,18,M,2025-05-06T12:10:59+00:00
273680,Flavio Cobolli,flavio-cobolli,34,36,1520,1520,ITA,30,30,M,2025-05-06T12:10:59+00:00
122368,Tallon Griekspoor,griekspoor-tallon,35,34,1505,1575,NLD,25,21,M,2025-05-06T12:10:59+00:00
289146,Giovanni Mpetshi Perricard,mpetshi-perricard-giovanni,36,37,1464,1464,FRA,29,29,M,2025-05-06T12:10:59+00:00
299538,Matteo Arnaldi,arnaldi-matteo,37,44,1410,1240,ITA,25,30,M,2025-05-06T12:10:59+00:00
254742,Jiri Lehecka,lehecka-jiri,38,27,1405,1795,CZE,25,22,M,2025-05-06T12:10:59+00:00
88992,Alexandre Muller,muller-alexandre,39,39,1403,1366,FRA,31,39,M,2025-05-06T12:10:59+00:00
125006,Nuno Borges,borges-nuno,40,41,1360,1355,PRT,29,30,M,2025-05-06T12:10:59+00:00
87690,Jordan Thompson,thompson-jordan,41,40,1355,1365,AUS,28,26,M,2025-05-06T12:10:59+00:00
102151,Alejandro Tabilo,tabilo-alejandro,42,35,1340,1525,CHL,25,19,M,2025-05-06T12:10:59+00:00
14844,Gael Monfils,monfils-gael,43,42,1275,1255,FRA,22,6,M,2025-05-06T12:10:59+00:00
104847,Lorenzo Sonego,sonego-lorenzo,44,43,1245,1245,ITA,31,21,M,2025-05-06T12:10:59+00:00
42379,Marcos Giron,giron-marcos,45,45,1245,1240,USA,29,37,M,2025-05-06T12:10:59+00:00
308084,Luciano Darderi,darderi-luciano,46,46,1204,1229,ITA,32,32,M,2025-05-06T12:10:59+00:00
198592,Miomir Kecmanovic,kecmanovic-miomir,47,47,1186,1166,SRB,30,27,M,2025-05-06T12:10:59+00:00
25838,David Goffin,goffin-david,48,49,1131,1121,BEL,27,7,M,2025-05-06T12:10:59+00:00
77223,Pedro Martinez,martinez-pedro,49,48,1115,1130,ESP,30,36,M,2025-05-06T12:10:59+00:00
170946,Zizou Bergs,bergs-zizou,50,50,1081,1096,BEL,23,50,M,2025-05-06T12:10:59+00:00
169496,Tomas Martin Etcheverry,etcheverry-tomas-martin,51,51,1015,1010,ARG,29,27,M,2025-05-06T12:10:59+00:00
90798,Quentin Halys,halys-quentin,52,52,1015,1005,FRA,19,52,M,2025-05-06T12:10:59+00:00
89632,Nicolas Jarry,jarry-nicolas,53,57,1010,965,CHL,24,16,M,2025-05-06T12:10:59+00:00
280151,Gabriel Diallo,diallo-gabriel,54,78,995,791,CAN,22,78,M,2025-05-06T12:10:59+00:00
75813,Zhizhen Zhang,zhang-zhizhen,55,54,985,995,CHN,25,31,M,2025-05-06T12:10:59+00:00
16720,Roberto Bautista Agut,bautista-agut-roberto,56,55,969,979,ESP,26,9,M,2025-05-06T12:10:59+00:00
275948,Jacob Fearnley,fearnley-jacob,57,68,953,883,GBR,7,68,M,2025-05-06T12:10:59+00:00
94485,Benjamin Bonzi,bonzi-benjamin,58,62,951,908,FRA,32,42,M,2025-05-06T12:10:59+00:00
51141,Roberto Carballes Baena,carballes-baena-roberto,59,56,946,976,ESP,32,49,M,2025-05-06T12:10:59+00:00
196122,Camilo Ugo Carabelli,ugo-carabelli-camilo,60,59,944,947,ARG,23,59,M,2025-05-06T12:10:59+00:00
218259,Fabian Marozsan,marozsan-fabian,61,58,935,955,HUN,25,36,M,2025-05-06T12:10:59+00:00
15733,Kei Nishikori,nishikori-kei,62,64,928,898,JPN,8,4,M,2025-05-06T12:10:59+00:00
255420,Francisco Comesana,comesana-francisco,63,70,906,872,ARG,27,61,M,2025-05-06T12:10:59+00:00
97231,Laslo Djere,djere-laslo,64,71,902,872,SRB,23,27,M,2025-05-06T12:10:59+00:00
403869,Joao Fonseca,fonseca-joao,65,65,897,897,BRA,14,59,M,2025-05-06T12:10:59+00:00
126356,Jaume Munar,munar-jaume,66,53,892,1002,ESP,31,52,M,2025-05-06T12:10:59+00:00
348853,Juncheng Shang,shang-juncheng,67,60,892,922,CHN,24,47,M,2025-05-06T12:10:59+00:00
294337,Mattia Bellucci,bellucci-mattia,68,66,891,893,ITA,34,66,M,2025-05-06T12:10:59+00:00
49172,Damir Dzumhur,dzumhur-damir,69,63,881,906,BIH,24,23,M,2025-05-06T12:10:59+00:00
412818,Learner Tien,tien-learner,70,69,878,880,USA,13,66,M,2025-05-06T12:10:59+00:00
127208,Daniel Altmaier,altmaier-daniel,71,67,872,892,DEU,30,47,M,2025-05-06T12:10:59+00:00
321404,Hamad Medjedovic,mededovic-hamad,72,61,871,911,SRB,15,61,M,2025-05-06T12:10:59+00:00
254227,Yunchaokete Bu,bu-yunchaokete,73,72,857,869,CHN,17,64,M,2025-05-06T12:10:59+00:00
59281,Yoshihito Nishioka,nishioka-yoshihito,74,74,833,849,JPN,24,24,M,2025-05-06T12:10:59+00:00
63606,Arthur Rinderknech,rinderknech-arthur,75,76,826,809,FRA,32,42,M,2025-05-06T12:10:59+00:00
163480,Alexander Bublik,bublik-alexander,76,75,820,820,KAZ,27,17,M,2025-05-06T12:10:59+00:00
124930,Roman Safiullin,safiullin-roman,77,73,816,856,RUS,24,36,M,2025-05-06T12:10:59+00:00
205906,Hugo Gaston,gaston-hugo,78,80,793,776,FRA,27,58,M,2025-05-06T12:10:59+00:00
124656,Aleksandar Vukic,vukic-aleksandar,79,83,792,758,AUS,31,48,M,2025-05-06T12:10:59+00:00
187608,Aleksandar Kovacevic,kovacevic-aleksandar,80,77,785,805,USA,32,72,M,2025-05-06T12:10:59+00:00
58221,Christopher O'Connell,oconnell-christopher,81,87,765,745,AUS,29,53,M,2025-05-06T12:10:59+00:00
237452,Rinky Hijikata,hijikata-rinky,82,84,761,754,AUS,32,62,M,2025-05-06T12:10:59+00:00
175014,Corentin Moutet,moutet-corentin,83,82,752,759,FRA,31,51,M,2025-05-06T12:10:59+00:00
64580,Borna Coric,coric-borna,84,104,744,576,HRV,24,12,M,2025-05-06T12:10:59+00:00
102339,Botic van de Zandschulp,van-de-zandschulp-botic,85,88,733,743,NLD,26,22,M,2025-05-06T12:10:59+00:00
355525,Raphael Collignon,collignon-raphael,86,81,726,776,BEL,14,81,M,2025-05-06T12:10:59+00:00
46391,Jan-Lennard Struff,struff-jan-lennard,87,79,720,790,DEU,25,21,M,2025-05-06T12:10:59+00:00
207575,Adam Walton,walton-adam,88,86,718,749,AUS,34,85,M,2025-05-06T12:10:59+00:00
108709,Kamil Majchrzak,majchrzak-kamil,89,90,689,669,POL,10,75,M,2025-05-06T12:10:59+00:00
39711,James Duckworth,duckworth-james,90,89,673,721,AUS,25,46,M,2025-05-06T12:10:59+00:00
95935,Cameron Norrie,norrie-cameron,91,91,667,667,GBR,24,8,M,2025-05-06T12:10:59+00:00
199395,Vit Kopriva,kopriva-vit,92,95,655,619,CZE,24,95,M,2025-05-06T12:10:59+00:00
244420,Jesper de Jong,de-jong-jesper,93,93,640,639,NLD,23,93,M,2025-05-06T12:10:59+00:00
130400,Reilly Opelka,opelka-reilly,94,103,634,579,USA,3,17,M,2025-05-06T12:10:59+00:00
289233,Luca Nardi,nardi-luca,95,100,632,597,ITA,26,67,M,2025-05-06T12:10:59+00:00
63438,Mackenzie McDonald,mcdonald-mackenzie,96,97,617,601,USA,25,37,M,2025-05-06T12:10:59+00:00
264344,Alexander Shevchenko,shevchenko-alexander,97,92,605,648,KAZ,35,45,M,2025-05-06T12:10:59+00:00
40800,Pablo Carreno Busta,carreno-busta-pablo,98,96,601,607,ESP,11,10,M,2025-05-06T12:10:59+00:00
271389,Mariano Navone,navone-mariano,99,85,600,750,ARG,24,29,M,2025-05-06T12:10:59+00:00
407164,Nishesh Basavareddy,basavareddy-nishesh,100,107,594,571,USA,9,100,M,2025-05-06T12:10:59+00:00
258908,Francesco Passaro,passaro-francesco,101,101,593,596,ITA,29,89,M,2025-05-06T12:10:59+00:00
207034,Chun-Hsin Tseng,tseng-chun-hsin,102,98,593,599,TWN,19,83,M,2025-05-06T12:10:59+00:00
57289,Hugo Dellien,dellien-hugo,103,99,587,599,BOL,30,64,M,2025-05-06T12:10:59+00:00
207050,Brandon Holt,holt-brandon,104,110,583,561,USA,18,110,M,2025-05-06T12:10:59+00:00
111837,Billy Harris,harris-billy,105,102,577,581,GBR,34,101,M,2025-05-06T12:10:59+00:00
47603,Thiago Monteiro,monteiro-thiago,106,94,568,628,BRA,23,61,M,2025-05-06T12:10:59+00:00
15434,Fabio Fognini,fognini-fabio,107,112,566,536,ITA,24,9,M,2025-05-06T12:10:59+00:00
341818,Jaime Faria,faria-jaime,108,105,564,576,PRT,31,87,M,2025-05-06T12:10:59+00:00
15387,Marin Cilic,cilic-marin,109,109,563,563,HRV,13,3,M,2025-05-06T12:10:59+00:00
197516,Christopher Eubanks,eubanks-christopher,110,108,561,565,USA,27,29,M,2025-05-06T12:10:59+00:00
499834,Elmer Moller,moeller-elmer,111,114,549,522,DNK,,114,M,2025-05-06T12:10:59+00:00
71280,Thanasi Kokkinakis,kokkinakis-thanasi,112,106,543,573,AUS,24,65,M,2025-05-06T12:10:59+00:00
57703,Lucas Pouille,pouille-lucas,113,111,539,539,FRA,14,10,M,2025-05-06T12:10:59+00:00
334293,Ethan Quinn,quinn-ethan,114,119,538,494,USA,29,119,M,2025-05-06T12:10:59+00:00
248861,Juan Manuel Cerundolo,cerundolo-juan-manuel,115,126,520,469,ARG,29,79,M,2025-05-06T12:10:59+00:00
287803,Arthur Cazaux,cazaux-arthur,116,116,508,508,FRA,23,63,M,2025-05-06T12:10:59+00:00
255449,Valentin Royer,royer-valentin,117,118,507,504,FRA,30,115,M,2025-05-06T12:10:59+00:00
132834,Tomas Barrios Vera,barrios-vera-tomas,118,128,506,463,CHL,22,93,M,2025-05-06T12:10:59+00:00
273679,Terence Atmane,atmane-terence,119,136,503,434,FRA,27,118,M,2025-05-06T12:10:59+00:00
161262,Thiago Seyboth Wild,seyboth-wild-thiago,120,113,493,532,BRA,26,58,M,2025-05-06T12:10:59+00:00
288748,Eliot Spizzirri,spizzirri-eliot,121,125,492,476,USA,10,125,M,2025-05-06T12:10:59+00:00
232036,Tristan Boyer,boyer-tristan,122,120,491,493,USA,25,109,M,2025-05-06T12:10:59+00:00
158748,Felipe Meligeni Alves,meligeni-alves-felipe,123,117,487,506,BRA,24,117,M,2025-05-06T12:10:59+00:00
92074,Daniel Elahi Galan,galan-daniel-elahi,124,115,484,521,COL,31,56,M,2025-05-06T12:10:59+00:00
47975,Yannick Hanfmann,hanfmann-yannick,125,123,468,478,DEU,31,45,M,2025-05-06T12:10:59+00:00
15894,Adrian Mannarino,mannarino-adrian,126,124,466,476,FRA,27,17,M,2025-05-06T12:10:59+00:00
309071,Jerome Kym,kym-jerome,127,133,466,448,CHE,15,129,M,2025-05-06T12:10:59+00:00
260122,Dalibor Svrcina,svrcina-dalibor,128,127,466,466,CZE,24,127,M,2025-05-06T12:10:59+00:00
275471,Tristan Schoolkate,schoolkate-tristan,129,122,463,484,AUS,30,119,M,2025-05-06T12:10:59+00:00
229218,Otto Virtanen,virtanen-otto,130,129,455,455,FIN,26,91,M,2025-05-06T12:10:59+00:00
39234,Dusan Lajovic,lajovic-dusan,131,138,446,426,SRB,22,23,M,2025-05-06T12:10:59+00:00
14548,Stan Wawrinka,wawrinka-stan,132,158,445,355,CHE,23,3,M,2025-05-06T12:10:59+00:00
221515,Thiago Agustin Tirante,tirante-thiago-agustin,133,134,445,441,ARG,25,90,M,2025-05-06T12:10:59+00:00
47770,Marton Fucsovics,fucsovics-marton,134,130,443,455,HUN,21,31,M,2025-05-06T12:10:59+00:00
287181,Roman Andres Burruchaga,burruchaga-roman-andres,135,142,439,420,ARG,31,124,M,2025-05-06T12:10:59+00:00
203258,Pavel Kotov,kotov-pavel,136,121,437,487,RUS,23,50,M,2025-05-06T12:10:59+00:00
232057,Emilio Nava,nava-emilio,137,132,433,453,USA,29,124,M,2025-05-06T12:10:59+00:00
48632,Taro Daniel,daniel-taro,138,131,423,453,JPN,30,58,M,2025-05-06T12:10:59+00:00
108559,Carlos Taberner,taberner-carlos,139,140,417,423,ESP,28,85,M,2025-05-06T12:10:59+00:00
146040,Federico Agustin Gomez,gomez-federico-agustin,140,137,413,429,ARG,30,133,M,2025-05-06T12:10:59+00:00
54573,Federico Coria,coria-federico,141,139,412,425,ARG,34,49,M,2025-05-06T12:10:59+00:00
223513,Liam Draxl,draxl-liam,142,156,403,364,CAN,19,156,M,2025-05-06T12:10:59+00:00
83397,Sebastian Ofner,ofner-sebastian,143,153,398,378,AUT,32,37,M,2025-05-06T12:10:59+00:00
248846,Harold Mayot,mayot-harold,144,160,398,354,FRA,28,103,M,2025-05-06T12:10:59+00:00
390214,Alexander Blockx,blockx-alexander,145,151,398,384,BEL,21,146,M,2025-05-06T12:10:59+00:00
124658,Max Purcell,purcell-max,146,141,391,421,AUS,31,40,M,2025-05-06T12:10:59+00:00
417196,Martin Landaluce,landaluce-martin,147,148,391,388,ESP,26,133,M,2025-05-06T12:10:59+00:00
44553,Pierre-Hugues Herbert,herbert-pierre-hugues,148,147,389,389,FRA,22,36,M,2025-05-06T12:10:59+00:00
113905,Nicolas Moreno De Alboran,moreno-de-alboran-nicolas,149,144,386,398,USA,27,107,M,2025-05-06T12:10:59+00:00
267577,Kyrian Jacquet,jacquet-kyrian,150,152,382,382,FRA,15,151,M,2025-05-06T12:10:59+00:00
52276,Mitchell Krueger,krueger-mitchell,151,150,378,384,USA,28,135,M,2025-05-06T12:10:59+00:00
113979,Juan Pablo Ficovich,ficovich-juan-pablo,152,145,376,395,ARG,34,125,M,2025-05-06T12:10:59+00:00
64570,Cristian Garin,garin-cristian,153,214,374,264,CHL,22,17,M,2025-05-06T12:10:59+00:00
322022,Vilius Gaubas,gaubas-vilius,154,149,371,387,LTU,27,144,M,2025-05-06T12:10:59+00:00
298795,Shintaro Mochizuki,mochizuki-shintaro,155,146,370,390,JPN,19,129,M,2025-05-06T12:10:59+00:00
145112,Marc-Andrea Huesler,huesler-marc-andrea,156,154,369,369,CHE,26,47,M,2025-05-06T12:10:59+00:00
26204,Nikoloz Basilashvili,basilashvili-nikoloz,157,157,361,361,GEO,15,16,M,2025-05-06T12:10:59+00:00
56017,Alexander Ritschard,ritschard-alexander,158,135,360,435,CHE,24,99,M,2025-05-06T12:10:59+00:00
189540,Hady Habib,habib-hady,159,174,358,310,LBN,29,166,M,2025-05-06T12:10:59+00:00
14414,Richard Gasquet,gasquet-richard,160,143,349,404,FRA,32,7,M,2025-05-06T12:10:59+00:00
295178,Alibek Kachmazov,kachmazov-alibek,161,185,348,294,RUS,27,172,M,2025-05-06T12:10:59+00:00
391865,Colton Smith,smith-colton,162,161,347,347,USA,,161,M,2025-05-06T12:10:59+00:00
50901,Dmitry Popko,popko-dmitry,163,155,345,365,KAZ,29,155,M,2025-05-06T12:10:59+00:00
326111,Matteo Gigante,gigante-matteo,164,195,341,284,ITA,24,132,M,2025-05-06T12:10:59+00:00
16683,Mikhail Kukushkin,kukushkin-mikhail,165,162,341,341,KAZ,22,39,M,2025-05-06T12:10:59+00:00
191873,Jenson Brooksby,brooksby-jenson,166,163,340,340,USA,,33,M,2025-05-06T12:10:59+00:00
93597,Andrea Pellegrino,pellegrino-andrea,167,237,337,236,ITA,24,136,M,2025-05-06T12:10:59+00:00
49417,Li Tu,tu-li,168,164,333,333,AUS,28,164,M,2025-05-06T12:10:59+00:00
131566,Sumit Nagal,nagal-sumit,169,165,332,332,IND,26,68,M,2025-05-06T12:10:59+00:00
255993,James Trotter,trotter-james-kent,170,170,324,322,JPN,17,170,M,2025-05-06T12:10:59+00:00
322082,Ignacio Buse,buse-ignacio,171,210,318,266,PER,22,209,M,2025-05-06T12:10:59+00:00
107357,Hugo Grenier,grenier-hugo,172,175,317,307,FRA,23,95,M,2025-05-06T12:10:59+00:00
57021,Jozef Kovalik,kovalik-jozef,173,168,316,322,SVK,26,80,M,2025-05-06T12:10:59+00:00
289106,Coleman Wong,wong-chak-lam-coleman,174,169,316,322,HKG,28,128,M,2025-05-06T12:10:59+00:00
207081,Duje Ajdukovic,ajdukovic-duje,175,167,313,323,HRV,25,105,M,2025-05-06T12:10:59+00:00
81271,Calvin Hemery,hemery-calvin,176,171,313,322,FRA,26,116,M,2025-05-06T12:10:59+00:00
339452,James McCabe,mccabe-james,177,176,308,306,AUS,24,176,M,2025-05-06T12:10:59+00:00
225273,Chris Rodesch,rodesch-chris,178,177,306,306,LUX,11,177,M,2025-05-06T12:10:59+00:00
339450,Lukas Neumayer,neumayer-lukas,179,191,305,291,AUT,33,191,M,2025-05-06T12:10:59+00:00
216488,Filip Misolic,misolic-filip,180,184,301,294,AUT,23,126,M,2025-05-06T12:10:59+00:00
229275,Timofey Skatov,skatov-timofey,181,172,301,315,KAZ,21,123,M,2025-05-06T12:10:59+00:00
302582,Gustavo Heide,heide-gustavo,182,178,300,300,BRA,22,142,M,2025-05-06T12:10:59+00:00
38517,Marco Trungelliti,trungelliti-marco,183,189,300,292,ARG,26,112,M,2025-05-06T12:10:59+00:00
62790,Constant Lestienne,lestienne-constant,184,180,299,299,FRA,32,48,M,2025-05-06T12:10:59+00:00
216154,Sho Shimabukuro,shimabukuro-sho,185,188,298,292,JPN,20,135,M,2025-05-06T12:10:59+00:00
200777,Ugo Blanchet,blanchet-ugo,186,182,296,296,FRA,22,139,M,2025-05-06T12:10:59+00:00
105607,Jan Choinski,choinski-jan,187,183,295,295,GBR,33,126,M,2025-05-06T12:10:59+00:00
207089,August Holmgren,holmgren-august,188,186,293,293,DNK,21,163,M,2025-05-06T12:10:59+00:00
157302,Yosuke Watanuki,watanuki-yosuke,189,213,292,264,JPN,16,72,M,2025-05-06T12:10:59+00:00
16375,Daniel Evans,evans-daniel,190,197,289,283,GBR,29,21,M,2025-05-06T12:10:59+00:00
60502,Aslan Karatsev,karatsev-aslan,191,187,288,292,RUS,18,14,M,2025-05-06T12:10:59+00:00
233700,Gauthier Onclin,onclin-gauthier,192,207,286,267,BEL,29,194,M,2025-05-06T12:10:59+00:00
217136,Yuta Shimizu,shimizu-yuta,193,181,285,299,JPN,21,180,M,2025-05-06T12:10:59+00:00
224038,Federico Arnaboldi,arnaboldi-federico,194,200,285,277,ITA,22,200,M,2025-05-06T12:10:59+00:00
341820,Henrique Rocha,rocha-henrique,195,198,283,283,PRT,29,155,M,2025-05-06T12:10:59+00:00
185434,Santiago Rodriguez Taverna,rodriguez-taverna-santiago,196,261,282,213,ARG,34,157,M,2025-05-06T12:10:59+00:00
250857,Alejandro Moro Canas,moro-canas-alejandro,197,159,280,355,ESP,26,142,M,2025-05-06T12:10:59+00:00
172482,Aziz Dougaz,dougaz-aziz,198,196,280,284,TUN,32,185,M,2025-05-06T12:10:59+00:00
129368,Dominik Koepfer,koepfer-dominik,199,193,278,288,DEU,25,49,M,2025-05-06T12:10:59+00:00
267576,Arthur Bouquier,bouquier-arthur,200,192,278,290,FRA,23,189,M,2025-05-06T12:10:59+00:00
264372,Facundo Diaz Acosta,diaz-acosta-facundo,201,194,277,287,ARG,28,47,M,2025-05-06T12:10:59+00:00
187236,Alexis Galarneau,galarneau-alexis,202,201,277,277,CAN,23,153,M,2025-05-06T12:10:59+00:00
217448,Pol Martin Tiffon,martin-tiffon-pol,203,202,276,276,ESP,25,202,M,2025-05-06T12:10:59+00:00
205795,Zsombor Piros,piros-zsombor,204,270,273,198,HUN,28,106,M,2025-05-06T12:10:59+00:00
46390,Yasutaka Uchiyama,uchiyama-yasutaka,205,209,272,266,JPN,23,78,M,2025-05-06T12:10:59+00:00
243925,Titouan Droguet,droguet-titouan,206,203,272,272,FRA,21,130,M,2025-05-06T12:10:59+00:00
43761,Andrea Collarini,collarini-andrea,207,215,272,264,ARG,25,177,M,2025-05-06T12:10:59+00:00
333007,Murphy Cassone,cassone-murphy,208,204,271,271,USA,7,204,M,2025-05-06T12:10:59+00:00
79467,Omar Jasika,jasika-omar,209,211,271,265,AUS,30,177,M,2025-05-06T12:10:59+00:00
163636,Lukas Klein,klein-lukas,210,173,269,313,SVK,25,109,M,2025-05-06T12:10:59+00:00
335102,Luca Van Assche,van-assche-luca,211,179,269,299,FRA,23,63,M,2025-05-06T12:10:59+00:00
307391,Daniel Rincon,rincon-daniel,212,217,268,262,ESP,26,181,M,2025-05-06T12:10:59+00:00
385592,Edas Butvilas,butvilas-edas,213,212,268,265,LTU,18,201,M,2025-05-06T12:10:59+00:00
82133,Murkel Dellien,murkel-dellien,214,222,264,254,BOL,34,168,M,2025-05-06T12:10:59+00:00
71660,Maximilian Marterer,marterer-maximilian,215,216,263,263,DEU,24,45,M,2025-05-06T12:10:59+00:00
269909,Alvaro Guillen Meza,guillen-meza-alvaro,216,205,263,271,ECU,28,205,M,2025-05-06T12:10:59+00:00
383991,Mark Lajal,lajal-mark,217,199,260,279,EST,27,191,M,2025-05-06T12:10:59+00:00
49663,Antoine Escoffier,escoffier-antoine,218,218,260,260,FRA,29,135,M,2025-05-06T12:10:59+00:00
104967,Gijs Brouwer,brouwer-gijs,219,206,256,268,NLD,28,114,M,2025-05-06T12:10:59+00:00
232780,Beibit Zhukayev,zhukayev-beibit,220,208,255,267,KAZ,24,171,M,2025-05-06T12:10:59+00:00
38180,Facundo Mena,mena-facundo,221,190,255,292,ARG,23,127,M,2025-05-06T12:10:59+00:00
67154,Gregoire Barrere,barrere-gregoire,222,220,254,257,FRA,30,49,M,2025-05-06T12:10:59+00:00
149100,Khumoyun Sultanov,sultanov-khumoyun,223,224,251,251,UZB,20,215,M,2025-05-06T12:10:59+00:00
157808,Lloyd Harris,harris-lloyd,224,166,250,325,ZAF,24,31,M,2025-05-06T12:10:59+00:00
355526,Guy Den Ouden,den-ouden-guy,225,227,249,249,NLD,19,227,M,2025-05-06T12:10:59+00:00
230049,Filip Cristian Jianu,jianu-filip-cristian,226,229,249,247,ROU,38,211,M,2025-05-06T12:10:59+00:00
187218,Nicolas Mejia,mejia-nicolas,227,301,247,172,COL,19,190,M,2025-05-06T12:10:59+00:00
200159,Jurij Rodionov,rodionov-jurij,228,230,246,246,AUT,25,87,M,2025-05-06T12:10:59+00:00
298247,Zachary Svajda,svajda-zachary,229,221,244,257,USA,27,102,M,2025-05-06T12:10:59+00:00
386107,Rodrigo Pacheco Mendez,pacheco-mendez-rodrigo,230,231,244,244,MEX,17,222,M,2025-05-06T12:10:59+00:00
17080,Bernard Tomic,tomic-bernard,231,232,243,243,AUS,33,17,M,2025-05-06T12:10:59+00:00
39726,Jason Kubler,kubler-jason,232,307,242,167,AUS,11,63,M,2025-05-06T12:10:59+00:00
197809,Jay Clarke,clarke-jay,233,251,241,219,GBR,22,153,M,2025-05-06T12:10:59+00:00
326949,Adolfo Daniel Vallejo,vallejo-daniel,234,236,239,239,PRY,25,187,M,2025-05-06T12:10:59+00:00
167370,Emil Ruusuvuori,ruusuvuori-emil,235,228,238,248,FIN,26,37,M,2025-05-06T12:10:59+00:00
58369,Alex Bolt,bolt-alex,236,226,237,249,AUS,22,125,M,2025-05-06T12:10:59+00:00
204329,Yu Hsiou Hsu,hsu-yu-hsiou,237,235,237,239,TWN,22,158,M,2025-05-06T12:10:59+00:00
224534,Luka Pavlovic,pavlovic-luka,238,234,236,241,FRA,21,234,M,2025-05-06T12:10:59+00:00
108767,Benjamin Hassan,hassan-benjamin,239,219,234,258,LBN,29,143,M,2025-05-06T12:10:59+00:00
51100,Oriol Roca Batalla,roca-batalla-oriol,240,262,233,211,ESP,35,150,M,2025-05-06T12:10:59+00:00
72248,Juan Pablo Varillas,varillas-juan-pablo,241,239,231,231,PER,24,60,M,2025-05-06T12:10:59+00:00
241039,Matias Soto,soto-matias,242,240,230,230,CHL,24,240,M,2025-05-06T12:10:59+00:00
202572,Marek Gengel,gengel-marek,243,245,230,224,CZE,22,229,M,2025-05-06T12:10:59+00:00
342835,Maks Kasnikowski,kasnikowski-maks,244,241,229,229,POL,28,168,M,2025-05-06T12:10:59+00:00
300293,Max Hans Rehberg,rehberg-max-hans,245,242,228,229,DEU,20,230,M,2025-05-06T12:10:59+00:00
96239,Viktor Durasovic,durasovic-viktor,246,243,227,229,NOR,28,237,M,2025-05-06T12:10:59+00:00
326246,Marat Sharipov,sharipov-marat,247,256,226,217,RUS,25,254,M,2025-05-06T12:10:59+00:00
25683,Yan Bai,bai-yan,248,244,226,228,CHN,25,200,M,2025-05-06T12:10:59+00:00
277179,Max Houkes,houkes-max,249,249,224,220,NLD,27,249,M,2025-05-06T12:10:59+00:00
313822,Johannus Monday,monday-johannus,250,255,223,217,GBR,13,255,M,2025-05-06T12:10:59+00:00
340741,Sascha Gueymard Wayenburg,gueymard-wayenburg-sascha,251,247,222,223,FRA,27,246,M,2025-05-06T12:10:59+00:00
124916,Borna Gojo,gojo-borna,252,353,221,141,HRV,12,72,M,2025-05-06T12:10:59+00:00
375536,Gabriel Debru,debru-gabriel,253,246,221,223,FRA,22,233,M,2025-05-06T12:10:59+00:00
100069,Vitaliy Sachko,sachko-vitaliy,254,253,220,218,UKR,23,156,M,2025-05-06T12:10:59+00:00
217464,Rio Noguchi,noguchi-rio,255,254,220,218,JPN,28,201,M,2025-05-06T12:10:59+00:00
66484,Frederico Ferreira Silva,ferreira-silva-frederico,256,250,220,220,PRT,22,168,M,2025-05-06T12:10:59+00:00
50847,Denis Yevseyev,yevseyev-denis,257,258,219,215,KAZ,29,153,M,2025-05-06T12:10:59+00:00
296369,Dominic Stricker,stricker-dominic-stephan,258,252,218,218,CHE,14,88,M,2025-05-06T12:10:59+00:00
16822,Albert Ramos-Vinolas,ramos-vinolas-albert,259,233,218,242,ESP,,17,M,2025-05-06T12:10:59+00:00
163996,Tung-Lin Wu,wu-tung-lin,260,263,218,206,TWN,23,158,M,2025-05-06T12:10:59+00:00
208225,Henri Squire,squire-henri,261,225,217,249,DEU,34,169,M,2025-05-06T12:10:59+00:00
158912,Valentin Vacherot,vacherot-valentin,262,223,216,251,MCO,32,110,M,2025-05-06T12:10:59+00:00
83661,Elias Ymer,ymer-elias,263,259,215,214,SWE,27,105,M,2025-05-06T12:10:59+00:00
342909,Ilia Simakin,simakin-ilia,264,271,215,197,RUS,21,271,M,2025-05-06T12:10:59+00:00
220537,Paul Jubb,jubb-paul,265,238,210,235,GBR,25,180,M,2025-05-06T12:10:59+00:00
196922,Carlos Sanchez Jover,sanchez-jover-carlos,266,260,209,214,ESP,26,260,M,2025-05-06T12:10:59+00:00
145122,Matteo Martineau,martineau-matteo,267,264,206,206,FRA,29,170,M,2025-05-06T12:10:59+00:00
213076,Mathys Erhard,erhard-mathys,268,265,206,206,FRA,30,265,M,2025-05-06T12:10:59+00:00
51009,Dimitar Kuzmanov,kuzmanov-dimitar,269,274,199,194,BGR,23,159,M,2025-05-06T12:10:59+00:00
342975,Mili Poljicak,poljicak-mili,270,268,199,199,HRV,24,267,M,2025-05-06T12:10:59+00:00
321948,Eliakim Coulibaly,coulibaly-eliakim,271,324,198,157,CIV,22,323,M,2025-05-06T12:10:59+00:00
141882,Geoffrey Blancaneaux,blancaneaux-geoffrey,272,276,198,192,FRA,31,134,M,2025-05-06T12:10:59+00:00
315774,Juan Bautista Torres,torres-juan-bautista,273,273,197,197,ARG,20,226,M,2025-05-06T12:10:59+00:00
208222,Patrick Zahraj,zahraj-patrick,274,272,196,197,DEU,26,272,M,2025-05-06T12:10:59+00:00
54955,Kimmer Coppejans,coppejans-kimmer,275,280,195,188,BEL,14,97,M,2025-05-06T12:10:59+00:00
103625,Michael Geerts,geerts-michael,276,288,195,185,BEL,32,212,M,2025-05-06T12:10:59+00:00
44547,Radu Albot,albot-radu,277,266,194,204,MDA,29,39,M,2025-05-06T12:10:59+00:00
307383,Abdullah Shelbayh,shelbayh-abedallah,278,267,193,201,JOR,31,181,M,2025-05-06T12:10:59+00:00
177686,Javier Barranco Cosano,barranco-cosano-javier,279,275,192,192,ESP,25,211,M,2025-05-06T12:10:59+00:00
213057,Oliver Crawford,crawford-oliver,280,295,190,178,GBR,28,190,M,2025-05-06T12:10:59+00:00
349090,Luka Mikrut,mikrut-luka,281,293,189,182,HRV,21,293,M,2025-05-06T12:10:59+00:00
413296,Rei Sakamoto,sakamoto-rei,282,281,187,187,JPN,7,279,M,2025-05-06T12:10:59+00:00
208824,Adrian Andreev,andreev-adrian,283,282,187,187,BGR,30,183,M,2025-05-06T12:10:59+00:00
126402,Corentin Denolly,denolly-corentin,284,283,187,187,FRA,26,270,M,2025-05-06T12:10:59+00:00
210479,J.J. Wolf,wolf-jeffrey-john,285,284,186,186,USA,26,39,M,2025-05-06T12:10:59+00:00
169486,Genaro Alberto Olivieri,olivieri-genaro-alberto,286,302,186,172,ARG,22,131,M,2025-05-06T12:10:59+00:00
57759,Gonzalo Oliveira,oliveira-goncalo,287,286,185,185,PRT,36,194,M,2025-05-06T12:10:59+00:00
258324,Saba Purtseladze,purtseladze-saba,288,366,185,135,GEO,31,366,M,2025-05-06T12:10:59+00:00
163438,Fajing Sun,sun-fajing,289,289,184,184,CHN,26,275,M,2025-05-06T12:10:59+00:00
231620,Clement Chidekh,chidekh-clement,290,290,184,184,FRA,18,184,M,2025-05-06T12:10:59+00:00
119140,Blake Ellis,ellis-blake,291,292,182,183,AUS,29,271,M,2025-05-06T12:10:59+00:00
106153,Enrico Dalla Valle,dalla-valle-enrico,292,277,180,192,ITA,31,242,M,2025-05-06T12:10:59+00:00
193644,Nikolas Sanchez Izquierdo,sanchez-izquierdo-nikolas,293,330,179,153,ESP,32,238,M,2025-05-06T12:10:59+00:00
22956,Ricardas Berankis,berankis-ricardas,294,294,178,178,LTU,23,50,M,2025-05-06T12:10:59+00:00
340742,Robin Bertrand,bertrand-robin,295,278,178,191,FRA,35,260,M,2025-05-06T12:10:59+00:00
383987,Arthur Gea,gea-arthur,296,314,177,162,FRA,17,286,M,2025-05-06T12:10:59+00:00
145108,Remy Bertola,bertola-remy,297,269,177,199,CHE,27,269,M,2025-05-06T12:10:59+00:00
201681,Jie Cui,cui-jie,298,299,176,174,CHN,20,280,M,2025-05-06T12:10:59+00:00
52057,Karue Sell,sell-karue,299,285,175,186,BRA,13,258,M,2025-05-06T12:10:59+00:00
168420,Andres Andrade,andrade-andres,300,257,175,217,ECU,23,232,M,2025-05-06T12:10:59+00:00
206602,Clement Tabur,tabur-clement,301,320,175,159,FRA,28,202,M,2025-05-06T12:10:59+00:00
48626,Lorenzo Giustino,giustino-lorenzo,302,300,174,174,ITA,27,127,M,2025-05-06T12:10:59+00:00
261017,Francesco Maestrelli,maestrelli-francesco,303,296,173,177,ITA,28,149,M,2025-05-06T12:10:59+00:00
362612,Mika Brunold,brunold-mika,304,308,172,167,CHE,24,308,M,2025-05-06T12:10:59+00:00
95801,Andrea Vavassori,vavassori-andrea,305,303,171,171,ITA,17,128,M,2025-05-06T12:10:59+00:00
264978,Matheus Pucinelli De Almeida,pucinelli-de-almeida-matheus,306,322,171,158,BRA,25,190,M,2025-05-06T12:10:59+00:00
483188,Nicolai Budkov Kjaer,budkov-kjaer-nicolai,307,305,170,170,NOR,5,287,M,2025-05-06T12:10:59+00:00
55745,Christoph Negritu,negritu-christoph,308,306,170,170,DEU,26,297,M,2025-05-06T12:10:59+00:00
36300,Stefano Travaglia,travaglia-stefano,309,287,170,185,ITA,31,60,M,2025-05-06T12:10:59+00:00
91240,Ryan Peniston,peniston-ryan,310,311,170,166,GBR,23,123,M,2025-05-06T12:10:59+00:00
392072,Juan Carlos Prado Angelo,prado-angelo-juan-carlos,311,291,170,183,BOL,22,274,M,2025-05-06T12:10:59+00:00
309157,Aidan Mayo,mayo-aidan,312,297,169,175,USA,31,269,M,2025-05-06T12:10:59+00:00
52462,Alexey Vatutin,vatutin-alexey,313,333,168,152,RUS,19,136,M,2025-05-06T12:10:59+00:00
205989,Nicolas Alvarez Varona,alvarez-varona-nicolas,314,309,167,167,ESP,12,219,M,2025-05-06T12:10:59+00:00
97977,Seongchan Hong,hong-seong-chan,315,312,165,165,KOR,25,139,M,2025-05-06T12:10:59+00:00
397014,Lautaro Midon,midon-lautaro,316,323,164,157,ARG,24,307,M,2025-05-06T12:10:59+00:00
76515,Ivan Gakhov,gakhov-ivan,317,310,164,167,RUS,27,142,M,2025-05-06T12:10:59+00:00
15858,Gastao Elias,elias-gastao,318,339,163,150,PRT,18,57,M,2025-05-06T12:10:59+00:00
257091,Daniel Michalski,michalski-daniel,319,315,161,161,POL,24,243,M,2025-05-06T12:10:59+00:00
448184,Joel Schwaerzler,schwarzler-joel-josef,320,327,161,154,AUT,15,307,M,2025-05-06T12:10:59+00:00
187230,Christian Langmo,langmo-christian,321,319,161,160,USA,26,319,M,2025-05-06T12:10:59+00:00
204776,Mateus Alves,alves-mateus,322,313,161,165,BRA,20,271,M,2025-05-06T12:10:59+00:00
421761,Federico Cina,cina-federico,323,373,160,130,ITA,11,371,M,2025-05-06T12:10:59+00:00
24415,Andrej Martin,martin-andrej,324,318,160,160,SVK,,93,M,2025-05-06T12:10:59+00:00
15983,Martin Klizan,klizan-martin,325,298,159,174,SVK,9,24,M,2025-05-06T12:10:59+00:00
213979,Jakub Paul,paul-jakub,326,325,158,155,CHE,22,325,M,2025-05-06T12:10:59+00:00
299765,Gonzalo Bueno,bueno-gonzalo,327,248,158,222,PER,25,236,M,2025-05-06T12:10:59+00:00
50139,Norbert Gombos,gombos-norbert,328,336,157,150,SVK,17,80,M,2025-05-06T12:10:59+00:00
56361,Jelle Sels,sels-jelle,329,316,156,161,NLD,25,127,M,2025-05-06T12:10:59+00:00
108565,Bernabe Zapata Miralles,zapata-miralles-bernabe,330,380,155,127,ESP,25,37,M,2025-05-06T12:10:59+00:00
175070,Giovanni Fonio,fonio-giovanni,331,372,155,131,ITA,34,269,M,2025-05-06T12:10:59+00:00
152864,Oleg Prihodko,prihodko-oleg,332,345,154,147,UKR,15,309,M,2025-05-06T12:10:59+00:00
263699,Robert Strombachs,strombachs-robert,333,328,154,154,DEU,28,328,M,2025-05-06T12:10:59+00:00
349089,Dino Prizmic,prizmic-dino,334,335,151,151,HRV,16,155,M,2025-05-06T12:10:59+00:00
338890,Daniel Merida,merida-aguilar-daniel,335,329,151,153,ESP,28,270,M,2025-05-06T12:10:59+00:00
204764,Jacopo Berrettini,berrettini-jacopo,336,331,151,152,ITA,9,310,M,2025-05-06T12:10:59+00:00
251784,Patrick Maloney,maloney-patrick,337,349,151,143,USA,13,349,M,2025-05-06T12:10:59+00:00
321790,Jack Pinnington Jones,pinnington-jones-jack,338,337,150,150,GBR,6,337,M,2025-05-06T12:10:59+00:00
373829,Petr Bar Biryukov,bar-biryukov-petr,339,342,149,148,RUS,19,342,M,2025-05-06T12:10:59+00:00
131442,Michael Mmoh,mmoh-michael,340,341,148,148,USA,22,81,M,2025-05-06T12:10:59+00:00
197935,Masamichi Imamura,imamura-masamichi,341,343,148,148,JPN,12,331,M,2025-05-06T12:10:59+00:00
420876,Matej Dodig,dodig-matej,342,332,148,152,HRV,23,263,M,2025-05-06T12:10:59+00:00
217446,Alex Marti Pujolras,marti-pujolras-alex,343,344,148,148,ESP,26,330,M,2025-05-06T12:10:59+00:00
237188,Giulio Zeppieri,zeppieri-giulio,344,334,147,151,ITA,26,110,M,2025-05-06T12:10:59+00:00
403148,Justin Engel,engel-justin,345,346,147,146,DEU,12,345,M,2025-05-06T12:10:59+00:00
48225,Daniel Dutra da Silva,dutra-da-silva-daniel,346,304,147,171,BRA,24,207,M,2025-05-06T12:10:59+00:00
253842,Nicholas David Ionel,ionel-nicholas-david,347,356,147,141,ROU,32,184,M,2025-05-06T12:10:59+00:00
63090,Nerman Fatic,fatic-nerman,348,364,146,136,BIH,28,191,M,2025-05-06T12:10:59+00:00
202181,Charles Broom,broom-charles,349,317,145,161,GBR,30,235,M,2025-05-06T12:10:59+00:00
52069,Naoki Nakagawa,nakagawa-naoki,350,348,144,144,JPN,13,334,M,2025-05-06T12:10:59+00:00
212762,Joao Lucas Reis Da Silva,reis-da-silva-joao-lucas,351,384,144,126,BRA,29,259,M,2025-05-06T12:10:59+00:00
297199,Toby Kodat,kodat-toby-alex,352,347,144,145,USA,27,308,M,2025-05-06T12:10:59+00:00
65576,Pedro Sakamoto,sakamoto-pedro,353,350,143,143,BRA,30,271,M,2025-05-06T12:10:59+00:00
55787,Renzo Olivo,olivo-renzo,354,359,143,139,ARG,28,78,M,2025-05-06T12:10:59+00:00
238867,Oleksandr Ovcharenko,ovcharenko-oleksandr,355,351,142,142,UKR,12,296,M,2025-05-06T12:10:59+00:00
96859,Benjamin Lock,lock-benjamin,356,338,142,150,ZWE,31,309,M,2025-05-06T12:10:59+00:00
41857,Jiri Vesely,vesely-jiri,357,355,142,141,CZE,21,35,M,2025-05-06T12:10:59+00:00
17065,Maxime Chazal,chazal-maxime,358,326,142,155,FRA,20,234,M,2025-05-06T12:10:59+00:00
258978,George Loffhagen,loffhagen-george,359,357,140,140,GBR,12,333,M,2025-05-06T12:10:59+00:00
73987,Pedro Cachin,cachin-pedro,360,279,139,189,ARG,26,48,M,2025-05-06T12:10:59+00:00
238147,Philip Henning,henning-philip,361,360,138,138,ZAF,11,324,M,2025-05-06T12:10:59+00:00
196920,Cezar Cretu,cretu-cezar,362,361,138,138,ROU,24,288,M,2025-05-06T12:10:59+00:00
157394,Mats Rosenkranz,rosenkranz-mats,363,365,138,135,DEU,26,336,M,2025-05-06T12:10:59+00:00
239967,Garrett Johns,johns-garrett,364,340,138,149,USA,19,340,M,2025-05-06T12:10:59+00:00
44549,Marco Cecchinato,cecchinato-marco,365,358,136,139,ITA,25,16,M,2025-05-06T12:10:59+00:00
372310,Hynek Barton,barton-hynek,366,385,134,125,CZE,22,364,M,2025-05-06T12:10:59+00:00
240797,Franco Roncadelli,roncadelli-franco,367,362,134,137,URY,32,345,M,2025-05-06T12:10:59+00:00
228670,Gabi Adrian Boitan,boitan-gabi-adrian,368,352,134,142,ROU,22,328,M,2025-05-06T12:10:59+00:00
450685,Yi Zhou,zhou-yi,369,369,133,133,CHN,17,359,M,2025-05-06T12:10:59+00:00
265147,Tyler Zink,zink-tyler,370,370,133,133,USA,,370,M,2025-05-06T12:10:59+00:00
191842,Dan Added,added-dan,371,405,133,117,FRA,31,240,M,2025-05-06T12:10:59+00:00
206496,Govind Nanda,nanda-govind,372,371,131,131,USA,,339,M,2025-05-06T12:10:59+00:00
321788,Leandro Riedi,riedi-leandro,373,374,130,130,CHE,20,117,M,2025-05-06T12:10:59+00:00
484219,Diego Dedura,dedura-palomero-diego,374,376,130,130,DEU,6,376,M,2025-05-06T12:10:59+00:00
209103,Rudolf Molleker,molleker-rudolf,375,388,129,125,DEU,32,146,M,2025-05-06T12:10:59+00:00
333081,Luciano Emanuel Ambrogi,ambrogi-luciano-emanuel,376,381,128,127,ARG,23,367,M,2025-05-06T12:10:59+00:00
300296,Max Wiskandt,wiskandt-max,377,377,128,130,DEU,29,377,M,2025-05-06T12:10:59+00:00
244416,Alexey Zakharov,zakharov-alexey,378,383,127,126,RUS,14,297,M,2025-05-06T12:10:59+00:00
303307,Alex Barrena,barrena-alex,379,568,127,63,ARG,23,378,M,2025-05-06T12:10:59+00:00
244985,Andre Ilagan,ilagan-andre,380,389,127,125,USA,17,370,M,2025-05-06T12:10:59+00:00
244418,Moerani Bouzige,bouzige-moerani,381,401,127,119,AUS,33,395,M,2025-05-06T12:10:59+00:00
321862,Andres Martin,martin-andres,382,412,125,114,USA,16,412,M,2025-05-06T12:10:59+00:00
380044,Gerard Campana Lee,campana-lee-gerard,383,386,125,125,KOR,23,318,M,2025-05-06T12:10:59+00:00
230344,Neil Oberleitner,oberleitner-neil,384,396,125,121,AUT,29,394,M,2025-05-06T12:10:59+00:00
59304,Dennis Novak,novak-dennis,385,367,124,134,AUT,29,85,M,2025-05-06T12:10:59+00:00
156826,Kris Van Wyk,van-wyk-kris,386,382,124,127,ZAF,36,352,M,2025-05-06T12:10:59+00:00
255418,Guido Ivan Justo,justo-guido-ivan,387,390,124,125,ARG,26,384,M,2025-05-06T12:10:59+00:00
380980,Gabriele Pennaforti,pennaforti-gabriele,388,392,123,123,ITA,28,386,M,2025-05-06T12:10:59+00:00
299481,Philip Sekulic,sekulic-philip,389,375,122,130,AUS,32,225,M,2025-05-06T12:10:59+00:00
201847,Raul Brancaccio,brancaccio-raul,390,394,122,122,ITA,25,121,M,2025-05-06T12:10:59+00:00
199379,Sandro Kopp,kopp-sandro,391,422,122,111,AUT,27,307,M,2025-05-06T12:10:59+00:00
49283,Egor Gerasimov,gerasimov-egor,392,379,121,127,BLR,21,65,M,2025-05-06T12:10:59+00:00
248845,Lilian Marmousez,marmousez-lilian,393,378,121,129,FRA,16,378,M,2025-05-06T12:10:59+00:00
230306,Kasidit Samrej,samrej-kasidit,394,404,121,117,THA,22,404,M,2025-05-06T12:10:59+00:00
281447,Max Alcala Gurri,alcala-gurri-max,395,435,121,106,ESP,29,409,M,2025-05-06T12:10:59+00:00
192246,Matthew Dellavedova,dellavedova-matthew,396,398,121,121,AUS,40,334,M,2025-05-06T12:10:59+00:00
121182,Manuel Guinard,guinard-manuel,397,354,119,141,FRA,26,134,M,2025-05-06T12:10:59+00:00
284096,Pedro Boscardin Dias,boscardin-dias-pedro,398,420,119,112,BRA,23,293,M,2025-05-06T12:10:59+00:00
45258,Joris De Loore,de-loore-joris,399,403,118,117,BEL,23,142,M,2025-05-06T12:10:59+00:00
134602,Alfredo Perez,perez-alfredo,400,416,118,112,USA,13,416,M,2025-05-06T12:10:59+00:00
210033,Daniil Glinka,glinka-daniil,401,402,118,118,EST,28,390,M,2025-05-06T12:10:59+00:00
348701,Marko Topo,topo-marko,402,406,118,116,DEU,20,320,M,2025-05-06T12:10:59+00:00
83211,Hyeon Chung,chung-hyeon,403,438,117,105,KOR,,19,M,2025-05-06T12:10:59+00:00
99377,Mariano Kestelboim,kestelboim-mariano,404,429,117,109,ARG,19,387,M,2025-05-06T12:10:59+00:00
74441,Enzo Couacaud,couacaud-enzo,405,393,116,122,FRA,17,151,M,2025-05-06T12:10:59+00:00
222958,Alastair Gray,gray-alastair,406,410,116,115,GBR,10,237,M,2025-05-06T12:10:59+00:00
82579,Kaichi Uchida,uchida-kaichi,407,400,116,119,JPN,24,147,M,2025-05-06T12:10:59+00:00
239879,Ryan Nijboer,nijboer-ryan,408,397,116,121,NLD,29,371,M,2025-05-06T12:10:59+00:00
409264,Tiago Pereira,pereira-tiago,409,409,115,116,PRT,34,409,M,2025-05-06T12:10:59+00:00
334289,Tom Paris,paris-tom,410,411,114,114,FRA,13,411,M,2025-05-06T12:10:59+00:00
406808,Henry Searle,searle-henry,411,413,113,113,GBR,16,389,M,2025-05-06T12:10:59+00:00
235930,Michael Vrbensky,vrbensky-michael,412,387,113,125,CZE,31,277,M,2025-05-06T12:10:59+00:00
403858,Svyatoslav Gulin,gulin-svyatoslav,413,407,113,116,RUS,26,407,M,2025-05-06T12:10:59+00:00
135778,Lucas Poullain,poullain-lucas,414,415,113,113,FRA,21,244,M,2025-05-06T12:10:59+00:00
233060,Ryan Seggerman,seggerman-ryan,415,424,112,110,USA,18,348,M,2025-05-06T12:10:59+00:00
54903,Evgeny Karlovskiy,karlovskiy-evgeny,416,418,112,112,RUS,24,211,M,2025-05-06T12:10:59+00:00
226806,Florent Bax,bax-florent,417,419,112,112,FRA,25,419,M,2025-05-06T12:10:59+00:00
349488,Lukas Pokorny,pokorny-lukas,418,437,112,106,SVK,24,393,M,2025-05-06T12:10:59+00:00
281515,Andrea Picchione,picchione-andrea,419,363,112,137,ITA,28,331,M,2025-05-06T12:10:59+00:00
107625,Maxime Janvier,janvier-maxime,420,368,111,133,FRA,35,170,M,2025-05-06T12:10:59+00:00
80665,Marc Polmans,polmans-marc,421,428,111,109,AUS,28,116,M,2025-05-06T12:10:59+00:00
283465,Micah Braswell,braswell-micah,422,421,111,111,USA,6,419,M,2025-05-06T12:10:59+00:00
265808,Alejo Lorenzo Lingua Lavallen,lingua-lavallen-alejo-lorenzo,423,417,111,112,ARG,19,377,M,2025-05-06T12:10:59+00:00
217437,Adria Soriano Barrera,soriano-barrera-adria,424,423,111,111,COL,22,340,M,2025-05-06T12:10:59+00:00
336621,Maximus Jones,jones-maximus,425,436,110,106,THA,24,436,M,2025-05-06T12:10:59+00:00
274435,Stefan Dostanic,dostanic-stefan,426,427,109,109,USA,10,427,M,2025-05-06T12:10:59+00:00
381399,Gabriele Piraino,piraino-gabriele,427,425,109,110,ITA,23,416,M,2025-05-06T12:10:59+00:00
85877,Gonzalo Villanueva,villanueva-gonzalo,428,414,109,113,ARG,31,268,M,2025-05-06T12:10:59+00:00
186629,Ergi Kirkin,kirkin-ergi,429,321,109,159,TUR,26,251,M,2025-05-06T12:10:59+00:00
192862,Miguel Damas,damas-miguel,430,433,108,108,ESP,20,360,M,2025-05-06T12:10:59+00:00
46259,Maximilian Neuchrist,neuchrist-maximilian,431,434,107,107,AUT,14,182,M,2025-05-06T12:10:59+00:00
212809,Stuart Parker,parker-stuart,432,432,106,108,GBR,16,346,M,2025-05-06T12:10:59+00:00
341853,Milos Karol,karol-milos,433,431,106,109,SVK,26,409,M,2025-05-06T12:10:59+00:00
297139,Valerio Aboian,aboian-valerio,434,454,105,99,ARG,35,378,M,2025-05-06T12:10:59+00:00
210490,Patrick Kypson,kypson-patrick,435,452,104,100,USA,25,133,M,2025-05-06T12:10:59+00:00
302567,Stefanos Sakellaridis,sakellaridis-stefanos,436,395,104,121,GRC,39,392,M,2025-05-06T12:10:59+00:00
65606,Franco Agamenone,agamenone-franco,437,426,104,110,ITA,24,108,M,2025-05-06T12:10:59+00:00
48599,Diego Schwartzman,schwartzman-diego,438,442,103,103,ARG,20,8,M,2025-05-06T12:10:59+00:00
332304,Petr Nesterov,nesterov-petr,439,444,103,103,BGR,22,384,M,2025-05-06T12:10:59+00:00
42152,Stefano Napolitano,napolitano-stefano,440,449,102,100,ITA,24,121,M,2025-05-06T12:10:59+00:00
77007,Stefan Kozlov,kozlov-stefan,441,488,102,86,USA,13,103,M,2025-05-06T12:10:59+00:00
325141,Samuel Vincent Ruggeri,vincent-ruggeri-samuel,442,447,102,101,ITA,28,252,M,2025-05-06T12:10:59+00:00
289942,Pedro Araujo,araujo-pedro,443,408,102,116,PRT,24,390,M,2025-05-06T12:10:59+00:00
226805,Maxime Cressy,cressy-maxime,444,391,101,123,USA,26,31,M,2025-05-06T12:10:59+00:00
51309,Roberto Cid Subervi,cid-subervi-roberto,445,439,101,105,DOM,23,211,M,2025-05-06T12:10:59+00:00
53483,Daniel Masur,masur-daniel,446,446,101,102,DEU,24,176,M,2025-05-06T12:10:59+00:00
144102,Alexander Weis,weis-alexander,447,443,101,103,ITA,29,285,M,2025-05-06T12:10:59+00:00
194186,Yibing Wu,wu-yibing,448,448,100,100,CHN,9,54,M,2025-05-06T12:10:59+00:00
18111,Milos Raonic,raonic-milos,449,450,100,100,CAN,10,3,M,2025-05-06T12:10:59+00:00
422712,Aryan Shah,shah-aryan,450,471,100,93,IND,8,467,M,2025-05-06T12:10:59+00:00
69500,Gianluca Mager,mager-gianluca,451,455,99,98,ITA,16,62,M,2025-05-06T12:10:59+00:00
32466,Hiroki Moriya,moriya-hiroki,452,440,99,105,JPN,24,143,M,2025-05-06T12:10:59+00:00
289173,Giles Hussey,hussey-giles,453,445,98,102,GBR,26,304,M,2025-05-06T12:10:59+00:00
66086,Nicolas Kicker,kicker-nicolas,454,464,98,95,ARG,3,78,M,2025-05-06T12:10:59+00:00
326524,Alessandro Pecci,pecci-alessandro,455,453,98,99,ITA,21,440,M,2025-05-06T12:10:59+00:00
117866,Mukund Sasikumar,mukund-sasikumar,456,456,98,98,IND,20,229,M,2025-05-06T12:10:59+00:00
118166,Aleksandre Bakshi,bakshi-aleksandre,457,476,98,91,GEO,21,469,M,2025-05-06T12:10:59+00:00
111857,Vadym Ursu,ursu-vadym,458,457,98,98,UKR,25,299,M,2025-05-06T12:10:59+00:00
232615,Oleksii Krutykh,krutykh-oleksii,459,474,98,92,UKR,29,160,M,2025-05-06T12:10:59+00:00
321789,Arthur Fery,fery-arthur,460,451,97,100,GBR,21,229,M,2025-05-06T12:10:59+00:00
245110,Anton Matusevich,matusevich-anton,461,458,97,97,GBR,19,388,M,2025-05-06T12:10:59+00:00
186885,Nick Hardt,hardt-nick,462,459,97,97,DOM,25,177,M,2025-05-06T12:10:59+00:00
132558,Zdenek Kolar,kolar-zdenek,463,430,97,109,CZE,32,111,M,2025-05-06T12:10:59+00:00
262331,Alvin Nicholas Tudorica,tudorica-alvin-nicholas,464,460,97,97,CAN,,457,M,2025-05-06T12:10:59+00:00
380042,Tom Gentzsch,gentzsch-tom,465,462,97,96,DEU,36,423,M,2025-05-06T12:10:59+00:00
66002,Laurent Lokoli,lokoli-laurent,466,468,96,93,FRA,18,167,M,2025-05-06T12:10:59+00:00
206029,Juan Carlos Aguilar,aguilar-juan-carlos,467,466,95,94,CAN,16,464,M,2025-05-06T12:10:59+00:00
290568,Inaki Montes-De La Torre,montes-de-la-torre-inaki,468,465,95,95,ESP,9,465,M,2025-05-06T12:10:59+00:00
177644,Yusuke Takahashi,takahashi-yusuke,469,486,95,88,JPN,27,238,M,2025-05-06T12:10:59+00:00
295881,Alexandr Binda,binda-alexandr,470,463,95,96,ITA,18,463,M,2025-05-06T12:10:59+00:00
101157,Alex Rybakov,rybakov-alex,471,473,94,92,USA,18,289,M,2025-05-06T12:10:59+00:00
223481,Michiel De Krom,de-krom-michiel,472,467,94,94,NLD,29,449,M,2025-05-06T12:10:59+00:00
180104,Arthur Reymond,reymond-arthur,473,542,92,68,FRA,5,519,M,2025-05-06T12:10:59+00:00
115463,Evgenii Tiurnev,tiurnev-evgenii,474,469,92,93,RUS,22,265,M,2025-05-06T12:10:59+00:00
425525,Gianluca Cadenasso,cadenasso-gianluca,475,470,92,93,ITA,17,439,M,2025-05-06T12:10:59+00:00
153826,Moez Echargui,echargui-moez,476,478,92,90,TUN,27,271,M,2025-05-06T12:10:59+00:00
244410,Ajeet Rai,rai-ajeet,477,475,92,91,NZL,21,417,M,2025-05-06T12:10:59+00:00
226833,Marvin Moeller,moller-marvin,478,487,91,87,DEU,23,287,M,2025-05-06T12:10:59+00:00
79223,Jake Delaney,delaney-jake,479,479,90,90,AUS,26,434,M,2025-05-06T12:10:59+00:00
198223,Sergey Fomin,fomin-sergey,480,461,90,97,UZB,24,348,M,2025-05-06T12:10:59+00:00
80491,Ernesto Escobedo,escobedo-ernesto,481,480,89,89,MEX,18,67,M,2025-05-06T12:10:59+00:00
220541,Aidan McHugh,mchugh-aidan,482,482,89,88,GBR,28,298,M,2025-05-06T12:10:59+00:00
311586,Egor Agafonov,agafonov-egor,483,497,89,82,RUS,26,465,M,2025-05-06T12:10:59+00:00
386501,Bor Artnak,artnak-bor,484,483,88,88,SVN,23,373,M,2025-05-06T12:10:59+00:00
227447,Tommaso Compagnucci,compagnucci-tommaso,485,484,88,88,ITA,26,429,M,2025-05-06T12:10:59+00:00
255448,Tibo Colson,colson-tibo,486,485,88,88,BEL,23,395,M,2025-05-06T12:10:59+00:00
367815,Kokoro Isomura,isomura-kokoro,487,481,87,89,JPN,27,448,M,2025-05-06T12:10:59+00:00
407383,Federico Bondioli,bondioli-federico,488,503,87,80,ITA,16,503,M,2025-05-06T12:10:59+00:00
120958,Peter Bertran,bertran-peter,489,492,86,85,DOM,17,461,M,2025-05-06T12:10:59+00:00
270414,Tomas Farjat,farjat-tomas,490,491,85,85,ARG,29,447,M,2025-05-06T12:10:59+00:00
286492,Martin Krumich,krumich-martin,491,495,85,84,CZE,23,314,M,2025-05-06T12:10:59+00:00
60584,Yurii Dzhavakian,dzhavakian-yurii,492,513,85,78,UKR,35,450,M,2025-05-06T12:10:59+00:00
195248,Nicola Kuhn,kuhn-nicola,493,472,84,92,DEU,18,174,M,2025-05-06T12:10:59+00:00
156664,Rigele Te,te-rigele,494,489,84,86,CHN,16,395,M,2025-05-06T12:10:59+00:00
339443,Viacheslav Bielinskyi,bielinskyi-viacheslav,495,498,84,81,UKR,18,464,M,2025-05-06T12:10:59+00:00
341148,Leo Borg,borg-leo,496,496,84,83,SWE,21,334,M,2025-05-06T12:10:59+00:00
54387,Blake Mott,mott-blake,497,477,82,90,AUS,22,220,M,2025-05-06T12:10:59+00:00
291790,Fabrizio Andaloro,andaloro-fabrizio,498,499,81,81,ITA,19,493,M,2025-05-06T12:10:59+00:00
285196,Woobin Shin,shin-woobin,499,500,81,81,KOR,20,500,M,2025-05-06T12:10:59+00:00
393344,Erik Arutiunian,arutiunian-erik,500,556,81,65,BLR,28,554,M,2025-05-06T12:10:59+00:00
